{"cameraMode":{"drawMode":0,"name":"Shaded","section":"Shading Mode"},"sceneLighting":false,"audioPlay":false,"sceneViewState":{"m_AlwaysRefresh":false,"showFog":true,"showSkybox":false,"showFlares":true,"showImageEffects":true,"showParticleSystems":true,"showVisualEffectGraphs":true,"m_FxEnabled":true},"in2DMode":false,"pivot":{"x":3.449537515640259,"y":-0.12967586517333985,"z":-1.6239981651306153},"rotation":{"x":0.2530423402786255,"y":-0.02321656607091427,"z":0.006074161268770695,"w":0.9671616554260254},"size":7.698968887329102,"orthographic":false}