{"cameraMode":{"drawMode":0,"name":"Shaded","section":"Shading Mode"},"sceneLighting":false,"audioPlay":false,"sceneViewState":{"m_AlwaysRefresh":false,"showFog":true,"showSkybox":false,"showFlares":true,"showImageEffects":true,"showParticleSystems":true,"showVisualEffectGraphs":true,"m_FxEnabled":true},"in2DMode":false,"pivot":{"x":4.736661911010742,"y":-3.7762181758880617,"z":4.8674702644348148},"rotation":{"x":0.2122596800327301,"y":-0.01026084553450346,"z":0.0022287857718765737,"w":0.9771608114242554},"size":10.894911766052246,"orthographic":false}