{"cameraMode":{"drawMode":0,"name":"Shaded","section":"Shading Mode"},"sceneLighting":false,"audioPlay":false,"sceneViewState":{"m_AlwaysRefresh":false,"showFog":true,"showSkybox":false,"showFlares":true,"showImageEffects":true,"showParticleSystems":true,"showVisualEffectGraphs":true,"m_FxEnabled":true},"in2DMode":false,"pivot":{"x":3.0338473320007326,"y":0.9626601934432983,"z":-3.645378589630127},"rotation":{"x":0.21520179510116578,"y":0.0029295622371137144,"z":-0.0006453089881688356,"w":0.9765698909759522},"size":5.430607795715332,"orthographic":false}