{"cameraMode":{"drawMode":0,"name":"Shaded","section":"Shading Mode"},"sceneLighting":false,"audioPlay":false,"sceneViewState":{"m_AlwaysRefresh":false,"showFog":true,"showSkybox":false,"showFlares":true,"showImageEffects":true,"showParticleSystems":true,"showVisualEffectGraphs":true,"m_FxEnabled":true},"in2DMode":false,"pivot":{"x":0.018684854730963708,"y":0.4592229723930359,"z":1.265521764755249},"rotation":{"x":0.4058035910129547,"y":0.01233786903321743,"z":-0.005478678271174431,"w":0.9138607382774353},"size":1.8543230295181275,"orthographic":false}