{"cameraMode":{"drawMode":0,"name":"Shaded","section":"Shading Mode"},"sceneLighting":false,"audioPlay":false,"sceneViewState":{"m_AlwaysRefresh":false,"showFog":true,"showSkybox":false,"showFlares":true,"showImageEffects":true,"showParticleSystems":true,"showVisualEffectGraphs":true,"m_FxEnabled":true},"in2DMode":false,"pivot":{"x":3.0697786808013918,"y":3.194474220275879,"z":-3.989382743835449},"rotation":{"x":0.36849963665008547,"y":0.005576931405812502,"z":-0.0022132734302431347,"w":0.9296171069145203},"size":9.116262435913086,"orthographic":false}