{"cameraMode":{"drawMode":0,"name":"Shaded","section":"Shading Mode"},"sceneLighting":false,"audioPlay":false,"sceneViewState":{"m_AlwaysRefresh":false,"showFog":true,"showSkybox":false,"showFlares":true,"showImageEffects":true,"showParticleSystems":true,"showVisualEffectGraphs":true,"m_FxEnabled":true},"in2DMode":false,"pivot":{"x":2.871960401535034,"y":1.7254197597503663,"z":-4.888830184936523},"rotation":{"x":0.2962597906589508,"y":0.027215152978897096,"z":-0.008448954671621323,"w":0.9546893835067749},"size":7.667848110198975,"orthographic":false}