{"cameraMode":{"drawMode":0,"name":"Shaded","section":"Shading Mode"},"sceneLighting":false,"audioPlay":false,"sceneViewState":{"m_AlwaysRefresh":false,"showFog":true,"showSkybox":false,"showFlares":true,"showImageEffects":true,"showParticleSystems":true,"showVisualEffectGraphs":true,"m_FxEnabled":true},"in2DMode":false,"pivot":{"x":3.9097750186920168,"y":0.8349918127059937,"z":-3.406920909881592},"rotation":{"x":0.17544777691364289,"y":0.02067219279706478,"z":-0.0036882967688143255,"w":0.9842728972434998},"size":6.3034772872924809,"orthographic":false}