{"cameraMode":{"drawMode":0,"name":"Shaded","section":"Shading Mode"},"sceneLighting":false,"audioPlay":false,"sceneViewState":{"m_AlwaysRefresh":false,"showFog":true,"showSkybox":false,"showFlares":true,"showImageEffects":true,"showParticleSystems":true,"showVisualEffectGraphs":true,"m_FxEnabled":true},"in2DMode":false,"pivot":{"x":2.5189027786254885,"y":0.6376335620880127,"z":3.116699695587158},"rotation":{"x":0.3337434232234955,"y":-0.03392603248357773,"z":0.012019884772598744,"w":0.9419798254966736},"size":6.576889514923096,"orthographic":false}